No.,単語,日本語,問題,選択肢1,選択肢2,選択肢3,選択肢4,答え,日本語訳
1,supply,を供給する,This company will (     ) fresh vegetables to local schools.,waste,receive,grow,supply,4,この会社は地元の学校に新鮮な野菜を供給するだろう。
2,access,～にアクセスする,You need a password to (     ) the company's computer files from home.,enter,access,connect,reach,2,あなたは自宅から会社のコンピューターのファイルにアクセスするためにパスワードが必要だ。
3,feature,特徴,The most interesting (     ) of this smartphone is its large screen.,price,problem,feature,weight,3,このスマートフォンの最も興味深い特徴は、その大きな画面だ。
4,ancestor,祖先,My (     ) came to this country from Italy over a hundred years ago.,ancestors,customers,neighbors,teachers,1,私の祖先は100年以上前にイタリアからこの国にやって来た。
5,vote,投票する,Many citizens went to (     ) for the new mayor last week.,sleep,vote,melt,swim,2,多くの市民が先週、新しい市長に投票しに行った。
6,admit,～を認める,"After the police asked him many questions, he finally (     ) that he stole the money.",arrived,refused,escaped,admitted,4,警察に多くの質問をされた後、彼はついにお金を盗んだことを認めた。
7,atmosphere,雰囲気,The small restaurant had a warm and friendly (     ) that made us relax.,distance,message,machine,atmosphere,4,その小さなレストランには、私たちをくつろがせる暖かくて親しみやすい雰囲気があった。
8,regret,～を後悔する,She really (     ) buying such an expensive bag she never uses.,regretted,refused,decided,promised,1,彼女は、まったく使わないそんな高価なバッグを買ったことを本当に後悔している。
9,eventually,最後には、結局,"She tried the difficult exam many times, and (     ) she passed it.",eventually,rarely,hardly,never,1,彼女はその難しい試験に何度も挑戦し、ついに合格した。
10,pretend,～のふりをする,The boy tried to (     ) that he was asleep when his mother came in.,escape,belong,pretend,arrive,3,母親が入ってきたとき、その男の子は眠っているふりをしようとした。
11,fare,料金,"I didn't have enough money to pay the taxi (     ), so I walked home.",fare,salary,prize,wage,1,私はタクシー料金を払うお金が足りなかったので、歩いて帰った。
12,raw,生の,"In Japan, many people enjoy eating (     ) fish as sushi.",raw,fried,boiled,cooked,1,日本では、多くの人が生の魚を寿司として食べるのを楽しむ。
13,offer,を提供する、差し出す,The coffee shop decided to (     ) free cake to all its new customers.,buy,offer,receive,borrow,2,そのコーヒー店は新しい客全員に無料のケーキを提供することにした。
14,cost,（費用が）かかる,How much does it (     ) to fly from Tokyo to London these days?,cost,spend,buy,pay,1,最近、東京からロンドンまで飛行機で行くのにいくらかかりますか。
15,allow,～が…するのを許す,My parents don't (     ) me to use my phone late at night.,agree,allow,hope,decide,2,両親は夜遅くに私が携帯電話を使うのを許してくれない。
16,describe,を描写する、言葉で説明する,Can you (     ) the man you saw near the shop to the police officer?,explain,describe,tell,say,2,店の近くで見かけた男性について警察官に説明できますか。
17,suggest,～を提案する,Can I (     ) an idea to solve this problem at the meeting?,listen,reply,suggest,agree,3,会議でこの問題を解決するための案を提案してもいいですか。
18,skill,技術,He improved his cooking (     ) by taking classes every weekend.,skill,dream,hope,wish,1,彼は毎週末授業を受けて料理の技術を向上させた。
19,improve,を改良する,The company worked hard to (     ) the product and make it easier to use.,remove,waste,damage,improve,4,その会社は製品を改良して使いやすくするために懸命に働いた。
20,include,を含む,"This travel price will (     ) breakfast, so you don't need to pay extra.",exclude,include,divide,collect,2,この旅行料金は朝食を含むので、追加で払う必要はない。
21,attract,～の心をとらえる、引きつける,The beautiful garden was designed to (     ) many visitors to the town.,remove,attract,reduce,return,2,その美しい庭園は、多くの観光客を町に引きつけるように設計された。
22,spread,広がる,The fire began to (     ) quickly through the dry forest.,disappear,stop,fall,spread,4,火は乾いた森の中を素早く広がり始めた。
23,common,共通の,English is a (     ) language that people in many countries can understand.,secret,common,silent,private,2,英語は多くの国の人々が理解できる共通の言語だ。
24,perform,を上演する,The drama club will (     ) a play for the audience tonight.,write,perform,forget,watch,2,演劇部は今夜観客のために劇を上演する。
25,affect,に影響を及ぼす,The cold weather can (     ) the growth of these plants.,accept,affect,attend,attach,2,寒い天候は、これらの植物の成長に影響を及ぼすことがある。
26,encourage,を励ます,My teacher always tries to (     ) me when I feel like giving up.,ignore,encourage,discourage,blame,2,私が諦めたくなったとき、先生はいつも私を励まそうとしてくれる。
27,expand,(を)拡大[拡張]する,The owner hopes to (     ) his small business into other cities soon.,explain,expect,express,expand,4,その経営者は、自分の小さな事業をまもなく他の都市へ拡大したいと望んでいる。
28,add,～を加える,"If the soup is not salty enough, you can (     ) more salt.",add,lose,cut,remove,1,スープが十分に塩辛くなければ、塩をもっと加えてもよい。
29,income,収入,"After getting a better job, his (     ) increased a lot.",content,income,welcome,outcome,2,よりよい仕事に就いた後、彼の収入は大きく増えた。
30,produce,～を生産する,This large factory can (     ) thousands of cars every single month.,waste,watch,produce,borrow,3,この大きな工場は毎月何千台もの車を生産することができる。
31,bill,請求書,"After the meal, the waiter brought us the (     ) so we could pay.",bill,plate,spoon,menu,1,食事の後、ウェイターが支払えるように私たちに請求書を持ってきた。
32,expect,～を予期する,"We (     ) heavy rain tomorrow, so please bring your umbrella to school.",expect,forget,deny,refuse,1,明日は大雨が予想されるので、傘を学校に持ってきてください。
33,gain,を得る,You can (     ) useful experience by working part-time during summer.,miss,spend,waste,gain,4,夏の間アルバイトをすることで、役立つ経験を得ることができる。
34,available,入手できる,"Sorry, that popular book is not (     ) in our store right now.",available,famous,possible,useful,1,申し訳ありませんが、その人気の本は今この店では入手できません。
35,destroy,～を破壊する,The powerful earthquake will (     ) many old buildings in this small town.,destroy,decorate,discover,protect,1,その強い地震は、この小さな町の古い建物を数多く破壊するだろう。
36,search,を探す,The police will (     ) the whole building to find the missing child.,search,clean,build,leave,1,警察は行方不明の子どもを見つけるためにその建物全体を捜索する。
37,practice,を練習する,The soccer team must (     ) hard every day before the big game.,sleep,wait,practice,eat,3,サッカーチームは大事な試合の前に毎日一生懸命練習しなければならない。
38,prevent,～を防ぐ、妨げる,Washing your hands often can (     ) the spread of many diseases.,encourage,allow,prevent,cause,3,こまめに手を洗うことは多くの病気の広がりを防ぐことができる。
39,structure,構造,Engineers checked the (     ) of the old bridge to make sure it was safe.,sculpture,signature,furniture,structure,4,技術者たちは、その古い橋が安全であることを確かめるために構造を点検した。
40,fee,料金,You have to pay an entrance (     ) to visit this famous old museum.,fee,seat,gift,map,1,この有名な古い博物館を訪れるには入場料を払わなければならない。
41,region,地域,This (     ) of the country is famous for its beautiful mountains and clean rivers.,religion,reason,region,relation,3,この国のこの地域は、美しい山々ときれいな川で有名だ。
42,avoid,を避ける,You should (     ) eating too much sugar to stay healthy.,avoid,escape,refuse,prevent,1,健康でいるためには砂糖を摂りすぎるのを避けるべきだ。
43,complete,を達成する・完成させる,She worked hard to (     ) the difficult project on time.,complain,compare,complete,compete,3,彼女はその難しいプロジェクトを期限までに完成させようと一生懸命働いた。
44,remove,を取り除く,Please (     ) your shoes before you enter the Japanese room.,remove,remind,review,remain,1,和室に入る前に靴を脱いでください。
45,associate,を結び付けて考える,Many people (     ) the color red with danger and strong emotions.,appreciate,operate,celebrate,associate,4,多くの人は、赤色を危険や強い感情と結び付けて考える。
46,current,現在の,The (     ) president of the company will give a speech at the meeting today.,currant,correct,current,constant,3,その会社の現在の社長が、今日の会議でスピーチをする。
47,struggle,奮闘する,Many new students (     ) to make friends during their first month at college.,snuggle,stumble,sprinkle,struggle,4,多くの新入生は大学での最初の1か月の間、友達を作ろうと奮闘する。
48,detail,詳細,She described the accident in great (     ) to the police officer.,danger,effort,detail,purpose,3,彼女はその事故について警察官にとても詳しく説明した。
49,estimate,を見積もる,Experts (     ) that the new bridge will cost ten million dollars.,educate,operate,estimate,eliminate,3,専門家たちは、その新しい橋の建設には1千万ドルかかると見積もっている。
50,decade,10年間,"This town has changed a lot over the past (     ), growing from a quiet village into a busy city.",decade,decode,decide,decline,1,この町は過去10年間で、静かな村から活気あふれる都市へと大きく変わった。
51,suppose,～することになっている,"The bus is (     ) to come at eight, but it is already late.",agreed,decided,planned,supposed,4,バスは8時に来ることになっているが、もう遅れている。
52,theory,仮説,The scientist explained her (     ) about how the ancient city had disappeared.,factory,memory,history,theory,4,その科学者は、古代都市がどのように消えたのかについての自らの仮説を説明した。
53,ancient,古代の,The tourists visited some (     ) ruins that were built thousands of years ago.,sleepy,modern,ancient,cheap,3,観光客たちは数千年前に建てられた古代の遺跡を訪れた。
54,range,範囲,"This store sells a wide (     ) of products, from food to clothes and books.",change,range,arrange,orange,2,この店は、食品から衣類、本まで幅広い範囲の商品を売っている。
55,prove,わかる,"In the end, the cheap tool turned out to (     ) very useful for the job.",probe,prove,prove the,price,2,結局、その安い道具はその仕事にとても役立つとわかった。
56,fuel,燃料,Cars that use less (     ) are better for the environment.,fire,fuel,air,water,2,より少ない燃料を使う車は、環境によりよい。
57,environment,環境,We must protect the (     ) by using less plastic every day.,furniture,environment,equipment,apartment,2,私たちは毎日プラスチックを減らして環境を守らなければならない。
58,require,～を必要とする,This difficult job will (     ) a lot of experience and many special skills.,describe,forget,enjoy,require,4,この難しい仕事は、多くの経験とたくさんの特別な技術を必要とするだろう。
59,contain,を含む,This sweet drink (     ) a lot of sugar and is not good for you.,makes,contains,gives,brings,2,この甘い飲み物はたくさんの砂糖を含んでいて、体に良くない。
60,increase,（数や量が）増える、増加する,"More and more people are moving into the city, so its population will (     ).",decline,disappear,increase,decrease,3,ますます多くの人がその都市に移り住んでいるので、人口は増加するだろう。
61,obtain,を得る,It took him several years to (     ) a license to work as a nurse.,contain,obtain,maintain,remain,2,彼が看護師として働くための免許を得るのに数年かかった。
62,replace,～を取り替える,I need to (     ) the old batteries in this clock with brand-new ones.,repair,borrow,replace,return,3,この時計の古い電池を新品のものと取り替える必要がある。
63,adopt,を採用する,The government decided to (     ) a new plan to reduce traffic.,adapt,adopt,accept,admit,2,政府は、交通量を減らすための新しい計画を採用することにした。
64,author,著者,She is a famous (     ) who has written more than twenty popular novels.,doctor,author,painter,farmer,2,彼女は20冊以上の人気小説を書いた有名な著者だ。
65,reduce,～を減らす、削減する,The store decided to (     ) its prices in order to attract more customers.,expand,reduce,increase,raise,2,その店はより多くの客を引きつけるために値段を下げることに決めた。
66,chemical,化学物質、化学製品,This cleaning product contains a strong (     ) that can burn your skin.,smell,chemical,flavor,color,2,この洗剤には肌をやけどさせるほど強い化学物質が含まれている。
67,suit,スーツ,"For the wedding, he wore an elegant (     ) with a tie and shiny shoes.",dress,scarf,hat,suit,4,結婚式のために、彼はネクタイと光る靴を合わせた上品なスーツを着た。
68,celebrate,を祝う,We will (     ) my grandfather's 80th birthday with a big family party.,congratulate,complain,apologize,celebrate,4,私たちは盛大な家族のパーティーで祖父の80歳の誕生日を祝うつもりだ。
69,site,ウェブサイト,You can find more information about the event on our (     ).,letter,pen,site,paper,3,そのイベントについてのより多くの情報は、私たちのウェブサイトで見つけられる。
70,depend,頼る,Children (     ) on their parents for food and money.,comment,decide,depend,insist,3,子どもは食べ物とお金を親に頼っている。
71,decline,衰退する、(を)丁重に断る,The number of young people in this small town began to (     ) ten years ago.,decline,define,decide,divide,1,この小さな町の若者の数は、十年前に減少し始めた。
72,express,を表現する,She used art to (     ) her feelings to the people around her.,hide,express,count,forget,2,彼女は周りの人々に自分の気持ちを芸術で表現した。
73,correct,正しい,Please choose the (     ) answer from the four choices written below.,correct,heavy,narrow,quiet,1,下に書かれた4つの選択肢から正しい答えを選んでください。
74,preserve,を保存する,Adding salt is a good way to (     ) food for a long time.,preserve,deserve,observe,reserve,1,塩を加えることは、食べ物を長期間保存するよい方法だ。
75,purchase,(高価な物・大量の物)を購入する,The company plans to (     ) new computers for all of its employees.,prevent,produce,prepare,purchase,4,その会社は、全従業員のために新しいコンピューターを購入する予定だ。
76,oppose,に反対する、を対抗させる,Most of the local people strongly (     ) the plan to build a factory near the river.,oppose,suppose,impose,expose,1,地元の人々のほとんどは、川の近くに工場を建てる計画に強く反対している。
77,argue,～と主張する,"During the debate, he (     ) that taxes should be lower.",belonged,arrived,argued,escaped,3,討論の中で、彼は税金はもっと低くするべきだと主張した。
78,consume,を消費する,These new machines (     ) much less electricity than the old ones did before.,confuse,consume,contain,conclude,2,これらの新しい機械は、以前の古い機械よりもずっと少ない電気を消費する。
79,efficient,能率的な,The new machine is more (     ) and uses less energy than the old one.,effective,sufficient,ancient,efficient,4,その新しい機械はより能率的で、古いものより少ないエネルギーしか使わない。
80,convenient,便利な,This store is very (     ) because it is open 24 hours a day.,expensive,dangerous,crowded,convenient,4,この店は1日24時間開いているのでとても便利だ。
81,occur,思い浮かぶ,A good idea suddenly (     ) to me during the meeting.,offered,ordered,opened,occurred,4,会議中に、よい考えが突然私に思い浮かんだ。
82,invest,(を)投資する,My uncle decided to (     ) all his savings in a small local company.,invent,invite,invest,inform,3,私のおじは、自分の貯金すべてを小さな地元の会社に投資することに決めた。
83,advantage,利益、強み,Speaking two languages is a big (     ) when you look for a good job.,silence,machine,advantage,corner,3,二か国語を話せることは、良い仕事を探すときの大きな強みだ。
84,complex,複雑な、複合の,The math problem was so (     ) that even the smartest student could not solve it.,complete,complex,compact,content,2,その数学の問題はとても複雑だったので、最も頭の良い生徒でさえ解けなかった。
85,general,一般的な、全体の,The teacher gave us only (     ) information about the test and few specific details.,genuine,gentle,generous,general,4,先生はそのテストについて、具体的な詳細はほとんどなく、一般的な情報しか私たちに与えなかった。
86,disturb,～を妨害する,Please be quiet and do not (     ) the students who are taking the exam.,forgive,disturb,invite,praise,2,静かにして、試験を受けている生徒たちの邪魔をしないでください。
87,issue,発行,I bought the latest (     ) of my favorite comic magazine today.,page,price,issue,cover,3,私は今日、お気に入りのマンガ雑誌の最新号を買った。
88,publish,～を出版する,The famous writer will (     ) his new novel next month in Japan.,publish,perform,protect,paint,1,その有名な作家は来月日本で新しい小説を出版する予定だ。
89,patient,忍耐強い,You must be (     ) when you teach young children how to read.,angry,patient,lazy,careless,2,幼い子供に読み方を教えるときは忍耐強くなければならない。
90,indicate,を指し示す,The results of the survey clearly (     ) that most customers want lower prices.,indicate,imitate,include,invite,1,その調査の結果は、ほとんどの客がより安い価格を望んでいることをはっきりと指し示している。
91,consider,～についてよく考える,You should carefully (     ) all the options before making a decision.,forget,ignore,refuse,consider,4,決定を下す前に、すべての選択肢をよく考えるべきだ。
92,audience,観衆,A huge (     ) came to watch the famous singer's concert.,weather,audience,hobby,package,2,大勢の観衆がその有名な歌手のコンサートを見に来た。
93,remind,思い出させる,This note will (     ) me of my appointment with the dentist.,remember,forget,remind,memorize,3,このメモは歯医者との予約を私に思い出させてくれるだろう。
94,cell,細胞,The human body is made of billions of tiny (     ).,cells,bells,walls,balls,1,人間の体は、何十億もの小さな細胞でできている。
95,emphasize,を強調する,The coach wanted to (     ) the importance of teamwork during the meeting.,emphasize,organize,realize,apologize,1,そのコーチは、会議でチームワークの大切さを強調したかった。
96,concentrate,集中する,It is hard to (     ) on your homework with the TV on.,concentrate,celebrate,disappear,remember,1,テレビがついていると宿題に集中するのは難しい。
97,sight,光景,The view from the mountain top was a truly beautiful (     ) to see.,smell,sight,taste,sound,2,山頂からの眺めは本当に美しい光景だった。
98,review,～を復習する,"Before the big test, I will (     ) all my notes from this month.",lose,hide,forget,review,4,大事なテストの前に、私は今月のノートをすべて復習するつもりだ。
99,ban,を禁止する,The school decided to (     ) the use of smartphones during class time.,bend,band,ban,bear,3,その学校は、授業中のスマートフォンの使用を禁止することに決めた。
100,match,試合,Our team won the soccer (     ) by two goals last Saturday afternoon.,party,match,movie,lesson,2,私たちのチームはこの前の土曜日の午後、サッカーの試合に2点差で勝った。
101,quit,～をやめる,My uncle decided to (     ) smoking because it is bad for his health.,enjoy,continue,start,quit,4,私のおじは健康に悪いので、たばこをやめることに決めた。
102,effect,影響,Smoking has a bad (     ) on your health and can cause illness.,event,order,effect,offer,3,喫煙はあなたの健康に悪い影響を与え、病気を引き起こすことがある。
103,opportunity,機会,Studying abroad gave her a great (     ) to learn a new language.,activity,quantity,difficulty,opportunity,4,留学は彼女に新しい言語を学ぶ絶好の機会を与えた。
104,determine,を決定する,The teacher will (     ) the final grade based on your test scores and homework.,decorate,determine,describe,decline,2,先生はあなたのテストの点数と宿題に基づいて最終的な成績を決定する。
105,promote,～を促進する、増進する,Doctors say that regular exercise can (     ) good health and a longer life.,damage,reduce,promote,prevent,3,医師たちは、定期的な運動は健康と長寿を促進できると言う。
106,particular,特定の,"She wanted one (     ) book, not just any book on the shelf.",cheerful,peaceful,careful,particular,4,彼女は棚のどの本でもよいのではなく、ある特定の本が欲しかった。
107,predict,(を)予測する、(を)予言する,Scientists use computers to (     ) the weather for the coming week quite accurately.,prepare,prevent,predict,present,3,科学者たちは、来週の天気をかなり正確に予測するためにコンピューターを使う。
108,favor,好意・親切な行い,Could you do me a (     ) and help me carry these boxes?,question,promise,mistake,favor,4,お願いを聞いてこれらの箱を運ぶのを手伝ってくれませんか。
109,survive,生き残る,Only a few plants can (     ) in the cold desert at night.,survive,sink,die,melt,1,寒い砂漠の夜に生き残れる植物はほんのわずかしかない。
110,contrast,対照,There is a clear (     ) between life in the city and life in the countryside.,contrast,context,content,contact,1,都会の生活と田舎の生活の間には、はっきりとした対照がある。
111,release,を解放する,The zookeeper decided to (     ) the healed bird back into the wild.,release,catch,capture,trap,1,飼育員はその回復した鳥を野生に解放することに決めた。
112,approach,～に接近する,"As the train (     ) the station, please get ready to get off.",arrives,leaves,approaches,departs,3,電車が駅に接近したら、降りる準備をしてください。
113,absorb,夢中になる,The children were so (     ) in the exciting video game that they forgot dinner.,observed,absented,absorbed,obtained,3,子供たちはわくわくするテレビゲームにとても夢中で、夕食を忘れてしまった。
114,upset,～を動転させる・悲しませる,The sad news about the accident really (     ) the whole family.,amused,pleased,upset,relaxed,3,その事故についての悲しい知らせは家族全員をひどく動転させた。
115,disappoint,～を失望させる,The team's very poor performance will (     ) all of its loyal fans today.,welcome,celebrate,encourage,disappoint,4,チームのとてもひどいプレーは、今日、忠実なファン全員を失望させるだろう。
116,transfer,を移す,The bank can (     ) the money to your new account within one business day.,translate,transform,transfer,transport,3,銀行は、1営業日以内にあなたの新しい口座へお金を移すことができる。
117,quality,質,This shop is famous for selling furniture of very high (     ).,activity,quantity,ability,quality,4,この店はとても質の高い家具を売ることで有名だ。
118,adapt,を適応させる,New employees must quickly (     ) themselves to the company's working style.,adopt,admit,afford,adapt,4,新入社員は、その会社の働き方に素早く自分を適応させなければならない。
119,confuse,～を混同する,I often (     ) the twin brothers because they look exactly the same.,help,meet,confuse,call,3,その双子の兄弟はまったく同じに見えるので、私はよく彼らを混同する。
120,harm,を傷つける,Smoking can seriously (     ) your health over many years.,support,harm,help,improve,2,喫煙は長年にわたってあなたの健康を深刻に傷つける可能性がある。
121,trust,を信頼する,You can (     ) him because he always keeps his promises.,scold,blame,doubt,trust,4,彼はいつも約束を守るので、彼を信頼してよい。
122,refer,言及する,"During the lecture, the professor (     ) to an interesting book about space.",referred,agreed,belonged,arrived,1,講義の中で、教授は宇宙についての興味深い本に言及した。
123,fit,～にサイズがぴったり合う,These new shoes (     ) me perfectly; they are exactly the right size.,sell,buy,fit,wear,3,この新しい靴は私にぴったり合う。ちょうど良いサイズだ。
124,judge,を判断する,You should not (     ) people only by their outside appearance.,judge,forgive,scold,thank,1,人を外見だけで判断すべきではない。
125,method,方法,The teacher showed us a new (     ) for solving math problems quickly.,method,result,problem,reason,1,先生は私たちに数学の問題をすばやく解くための新しい方法を見せてくれた。
126,identify,を特定する,The police asked the witness to (     ) the man who had stolen the car.,identify,intensify,indicate,imitate,1,警察は、その目撃者に車を盗んだ男を特定するよう求めた。
127,essential,必要不可欠な、本質的な,Water and air are (     ) for all living things to stay alive.,essential,eventual,emotional,occasional,1,水と空気は、すべての生き物が生き続けるために必要不可欠である。
128,connect,をつなぐ・接続する,Please (     ) the printer to the computer before you print.,connect,remove,divide,separate,1,印刷する前に、プリンターをコンピューターにつないでください。
129,recognize,～（の価値など）を認める,The government finally (     ) her important work in medical science.,recognized,refused,ignored,denied,1,政府はついに医学における彼女の重要な業績を認めた。
130,suffer,苦しむ,Many people in the area (     ) from a lack of clean water.,escape,suffer,benefit,recover,2,その地域の多くの人々はきれいな水の不足に苦しんでいる。
131,survey,調査,The company did a (     ) to find out what customers think about the product.,promise,message,survey,journey,3,その会社は、顧客が製品についてどう思っているかを知るために調査を行った。
132,instrument,器具,The doctor used a special (     ) to check the sick child's ears carefully.,instrument,medicine,blanket,uniform,1,医者は病気の子どもの耳を注意深く調べるために特別な器具を使った。
133,custom,慣習、習慣,"In Japan, it is a (     ) to take off your shoes before entering a house.",garden,custom,mirror,corner,2,日本では、家に入る前に靴を脱ぐのが習慣だ。
134,bother,～に迷惑をかける,Please be quiet; loud music may (     ) the neighbors late at night.,bury,bother,borrow,gather,2,静かにしてください。大きな音楽は夜遅くに近所の人に迷惑をかけるかもしれません。
135,surface,表面,The (     ) of the water was covered with many fallen leaves.,surface,inside,corner,bottom,1,水面は多くの落ち葉で覆われていた。
136,trade,～を交換する,I will (     ) my sandwich for your cookie at lunch today.,cook,buy,trade,eat,3,私は今日の昼食で自分のサンドイッチをあなたのクッキーと交換するつもりだ。
137,reject,を拒絶する、を断る,The committee decided to (     ) his plan because it was far too expensive.,respect,reflect,reject,react,3,委員会は、彼の計画はあまりにも費用がかかりすぎるので、それを拒絶することに決めた。
138,stock,(商品)を店に置いている、に補充する,"This small shop does not (     ) many foreign products, so I shop online instead.",stick,shock,stretch,stock,4,この小さな店は外国製品をあまり置いていないので、代わりに私はオンラインで買い物をする。
139,status,地位、身分,Getting a college degree improved his social (     ) in the community.,statue,stadium,statement,status,4,大学の学位を取得したことで、彼の地域社会における社会的地位は向上した。
140,influence,影響,His kind teacher had a big (     ) on his life and future dreams.,influence,mistake,silence,machine,1,彼の優しい先生は、彼の人生と将来の夢に大きな影響を与えた。
141,wealth,富、財産,He gained great (     ) by starting his own successful technology business.,wealth,health,width,worth,1,彼は自分の成功した技術ビジネスを始めて、大きな富を得た。
142,explore,を探検する,The team wants to (     ) the deep cave to find new animals.,explain,expand,explode,explore,4,そのチームは新しい動物を見つけるために深い洞窟を探検したいと思っている。
143,material,材料,We need to buy some strong (     ) to build the wooden table.,material,weather,message,meaning,1,私たちはその木のテーブルを作るために丈夫な材料を買う必要がある。
144,duty,職務、義務,It is the (     ) of every police officer to protect the public.,duty,dairy,diary,dusty,1,市民を守ることは、すべての警察官の職務である。
145,commit,(罪など)を犯す,The man was sent to prison because he had (     ) a serious crime in the city.,committed,commented,connected,competed,1,その男は街で重大な罪を犯したため、刑務所に送られた。
146,official,公式の,The team wore their (     ) uniforms for the important national game.,secret,official,private,personal,2,そのチームは重要な全国大会のために公式のユニフォームを着た。
147,adjust,を調節する,You can (     ) the height of this chair to make it comfortable for your back.,adopt,admit,adjust,attach,3,背中が楽になるように、この椅子の高さを調節することができる。
148,likely,～しそうである,"It looks very cloudy, so it is (     ) to rain this afternoon.",likely,willing,able,ready,1,とても曇っているので、今日の午後は雨が降りそうだ。
149,obvious,明らかな,It was (     ) from his tired face that he had not slept at all the night before.,obedient,previous,obvious,various,3,彼の疲れた顔から、前の晩に彼が全く眠っていなかったことは明らかだった。
150,vehicle,乗り物,You must not park your (     ) in front of the hospital entrance.,vacancy,village,victory,vehicle,4,あなたは病院の入り口の前に乗り物を駐車してはいけない。
151,figure,図,Please look at (     ) 3 on page ten to understand the data clearly.,corner,window,figure,garden,3,データをはっきり理解するために、10ページの図3を見てください。
152,demonstrate,を論証する、を実演する、デモをする,The teacher used a real experiment to (     ) how the machine actually works.,concentrate,decorate,demonstrate,dominate,3,その先生は、その機械が実際にどう動くかを実演するために、本物の実験を使った。
153,consist,～から成る,A week (     ) of seven days from Monday to Sunday.,consists,believes,arrives,depends,1,1週間は月曜から日曜までの7日から成る。
154,import,を輸入する,Japan has to (     ) most of its oil from other countries every year.,impact,imply,import,improve,3,日本は毎年、石油の大半を他国から輸入しなければならない。
155,resource,資源、資金、(いざというときの)手段,Water is a precious natural (     ) that we should never waste in daily life.,response,research,resource,recourse,3,水は、日常生活で決して無駄にしてはならない貴重な天然資源である。
156,consequence,結果、結論,"If you drive too fast, you must accept the (     ) of having an accident.",confidence,conference,conscience,consequence,4,あまりに速く運転すれば、事故を起こすという結果を受け入れなければならない。
157,scare,～を怯えさせる,The sudden loud noise in the dark (     ) the little children.,scared,helped,pleased,invited,1,暗闇での突然の大きな音は幼い子供たちを怯えさせた。
158,define,を定義する、を明確にする,"It is sometimes difficult to clearly (     ) the meaning of the word ""love.""",decline,divide,derive,define,4,「愛」という言葉の意味を明確に定義することは時に難しい。
159,compete,競争する,Many strong runners will (     ) in the marathon this weekend.,apologize,complain,relax,compete,4,今週末、多くの力強いランナーがマラソンで競争する。
160,instruction,指示,Please follow every (     ) that the teacher gives during the test.,description,invitation,decoration,instruction,4,テスト中は先生が出すすべての指示に従ってください。
161,specific,特定の,Please give me a (     ) time and place for our meeting tomorrow.,similar,public,specific,general,3,明日の会議の特定の時間と場所を教えてください。
162,potential,潜在的な,The coach believes this young player has great (     ) and will become a star someday.,essential,potential,influential,traditional,2,そのコーチは、この若い選手は大きな潜在能力があり、いつかスターになると信じている。
163,contract,契約(書),"Before starting the new job, she had to read and sign the (     ) carefully.",contract,contact,content,context,1,新しい仕事を始める前に、彼女は契約書を注意深く読んでサインしなければならなかった。
164,profit,利益,The company made a large (     ) by selling its new products.,fee,profit,cost,debt,2,その会社は新製品を売ることで大きな利益を上げた。
165,exist,存在する,Scientists are not sure whether life can (     ) on other planets in space.,hurry,exist,apologize,decide,2,宇宙の他の惑星に生命が存在できるのかどうか、科学者たちは確信していない。
166,insurance,保険,"Before driving the new car, he bought (     ) in case of an accident.",assurance,insurance,instance,entrance,2,新しい車を運転する前に、彼は事故に備えて保険に入った。
167,approve,を承認する、良いと認める,The manager needs to (     ) the plan before the team can start the project.,appear,apply,approve,approach,3,チームがそのプロジェクトを始める前に、部長はその計画を承認する必要がある。
168,capable,有能な、できる,She is a (     ) leader who can solve difficult problems very quickly.,capable,captive,capital,cable,1,彼女は、難しい問題を非常に早く解決できる有能なリーダーだ。
169,enormous,莫大な,"The new shopping mall is (     ), and it takes a long time to walk around it.",enjoyable,enormous,emotional,essential,2,その新しいショッピングモールは莫大な大きさで、一周するのに長い時間がかかる。
170,award,（賞などを）与える,The school will (     ) the best student a scholarship next month.,collect,award,sell,borrow,2,その学校は来月、最優秀の生徒に奨学金を与える予定だ。
171,retire,引退する,My father plans to (     ) from his company when he turns sixty-five.,retire,remain,require,return,1,父は65歳になったら会社を引退するつもりだ。
172,overcome,～を克服する、乗り越える,"With a lot of practice, he was finally able to (     ) his fear of speaking in public.",create,increase,cause,overcome,4,たくさんの練習のおかげで、彼はついに人前で話す恐怖を克服することができた。
173,value,価値,This old painting has great (     ) and is worth a lot of money.,value,weather,weight,danger,1,この古い絵は大きな価値があり、多くのお金に値する。
174,document,文書,Please sign this important (     ) and return it to the office.,garden,picture,window,document,4,この大切な文書に署名して、事務所に返してください。
175,divide,を分ける,The teacher will (     ) the class into four small groups for the game.,gather,divide,collect,join,2,先生はそのゲームのためにクラスを4つの小さなグループに分けるつもりだ。
176,facility,施設,The town built a new sports (     ) where people can swim and play basketball.,faculty,fragility,facility,familiarity,3,その町は、人々が泳いだりバスケットボールをしたりできる新しいスポーツ施設を建てた。
177,victim,犠牲者、被害者,The police helped the (     ) of the accident get to the hospital quickly.,visitor,victim,veteran,villain,2,警察は事故の被害者がすぐに病院へ着けるよう手助けした。
178,temporary,一時的な,"He found a (     ) job for the summer, but it will end in September.",temporary,necessary,ordinary,secondary,1,彼は夏の間の一時的な仕事を見つけたが、それは9月に終わるだろう。
179,despite,〜にもかかわらず,"(     ) the heavy rain, the game continued.",Without,Because,Until,Despite,4,激しい雨にもかかわらず、試合は続いた。
180,mention,～に言及する,"During the meeting, he did not (     ) the problem with the new computer system.",mention,arrive,apologize,belong,1,会議の間、彼は新しいコンピューターシステムの問題に言及しなかった。
181,temperature,気温,"The (     ) rose to 35 degrees, so we stayed inside all day.",weight,distance,height,temperature,4,気温が35度まで上がったので、私たちは一日中室内にいた。
182,defeat,を負かす,Our team managed to (     ) the strongest soccer club in the final match yesterday.,default,defend,define,defeat,4,私たちのチームは昨日の決勝戦で、最も強いサッカークラブを何とか負かした。
183,insist,強く主張する,He firmly (     ) that he was not lying to us.,doubted,wondered,insisted,forgot,3,彼は自分がうそをついていないと強く主張した。
184,propose,を提案する、結婚を申し込む,"At the meeting, she will (     ) a new plan to save money for the company.",suppose,expose,propose,oppose,3,会議で、彼女は会社の経費を節約する新しい計画を提案するだろう。
185,reflect,を反射する、を反映する、熟考する,The calm surface of the lake can (     ) the mountains and the blue sky perfectly.,reflect,respect,collect,connect,1,その湖の穏やかな水面は、山々と青空を完璧に映し出すことができる。
186,protest,(に)抗議する,Thousands of citizens gathered to (     ) against the new tax in front of city hall.,protect,provide,produce,protest,4,何千人もの市民が、市役所の前で新しい税金に抗議するために集まった。
187,quantity,量,We need to order a large (     ) of paper for the school festival next week.,quality,quarter,quietly,quantity,4,私たちは、来週の学園祭のために大量の紙を注文する必要がある。
188,imply,をほのめかす、をあんに示す,Her silence at the meeting seemed to (     ) that she disagreed with the plan.,apply,reply,imply,supply,3,会議での彼女の沈黙は、彼女がその計画に反対していることをほのめかしているように見えた。
189,species,種,Many (     ) of birds visit this lake every winter to find food.,spaces,speeches,spices,species,4,多くの種の鳥が、餌を探すために毎冬この湖を訪れる。
190,stretch,ストレッチをする,You should (     ) your arms and legs well before you start exercising.,break,cut,stretch,hurt,3,運動を始める前に腕と脚を十分にストレッチするべきだ。
191,force,（人）に～することを強いる、強制する,The heavy storm (     ) us to cancel our weekend camping trip.,forced,avoided,prevented,refused,1,激しい嵐のため、私たちは週末のキャンプ旅行を中止せざるを得なかった。
192,emotion,感情,She could not hide her (     ) and began to cry with joy.,machine,emotion,window,subject,2,彼女は自分の感情をかくすことができず、うれし泣きを始めた。
193,appropriate,適切な,You should wear (     ) clothes when you go to a job interview at a company.,approximate,apparent,appropriate,accurate,3,会社の就職面接に行くときは、適切な服を着るべきだ。
194,ignore,を無視する,He decided to (     ) the rude comment and just kept walking calmly.,believe,answer,ignore,repeat,3,彼はその失礼な発言を無視して、ただ落ち着いて歩き続けた。
195,combine,～を結びつける,"If you (     ) flour and water carefully, you can make a simple dough.",combine,remove,empty,divide,1,小麦粉と水を丁寧に結びつければ、簡単な生地を作ることができる。
196,trend,流行,Wearing bright colors is a popular (     ) among young people now.,trend,rule,fact,plan,1,明るい色の服を着ることは、今若者の間で人気の流行だ。
197,ingredient,材料,"Flour, sugar, and eggs are the main (     ) you need to bake a cake.",ingredients,instruments,arguments,experiments,1,小麦粉、砂糖、卵が、ケーキを焼くのに必要な主な材料だ。
198,debt,借金,He worked two jobs for years to pay off his huge (     ).,doubt,debt,death,depth,2,彼は、巨額の借金を返済するために何年も二つの仕事をした。
199,substitute,を代わりをする、を代わりに用いる,"When the teacher was sick, another one had to (     ) for her in class.",substitute,subscribe,submit,suffer,1,その先生が病気のとき、別の先生が授業で彼女の代わりをしなければならなかった。
200,seek,を探す,The company is trying to (     ) new workers for its office.,avoid,seek,refuse,forget,2,その会社はオフィスのために新しい働き手を探そうとしている。
201,curious,知りたがりの、好奇心の強い,The (     ) child asked many questions about how the machine worked.,curious,quiet,angry,lazy,1,その好奇心の強い子どもはその機械の仕組みについてたくさん質問した。
202,register,(を)登録する,You must (     ) for the course online before the first class begins.,register,remember,recover,release,1,最初の授業が始まる前に、その講座にオンラインで登録しなければならない。
203,grocery,食糧雑貨,"On the way home, I stopped at the (     ) store to buy milk and eggs.",book,toy,grocery,shoe,3,帰り道に、私は牛乳と卵を買うために食料雑貨店に立ち寄った。
204,gender,性別,"The survey collected data about age, (     ), and the income of each person.",gender,gentle,general,genius,1,その調査は、各人の年齢、性別、収入に関するデータを集めた。
205,calculate,を計算する,"Before buying the house, we need to (     ) how much money we can borrow.",calculate,celebrate,circulate,cultivate,1,その家を買う前に、私たちはいくらお金を借りられるか計算する必要がある。
206,witness,を目撃する,Two people happened to (     ) the car accident at the busy crossing yesterday.,wisdom,witness,witty,wireless,2,昨日、2人がたまたまその混雑した交差点で自動車事故を目撃した。
207,translate,～を翻訳する,"Can you (     ) this English letter into Japanese for me, please?",translate,copy,write,read,1,この英語の手紙を私のために日本語に翻訳してもらえますか。
208,resist,を我慢する、に抵抗する,She found it hard to (     ) the smell of the freshly baked chocolate cake.,remind,remove,reserve,resist,4,彼女は、焼きたてのチョコレートケーキの匂いを我慢するのが難しいと感じた。
209,pour,～を注ぐ,She will (     ) some hot coffee into the cup for the guest.,eat,break,cut,pour,4,彼女は客のためにカップに熱いコーヒーを注ぐつもりだ。
210,stable,安定した,"After years of trouble, the country's economy has finally become more (     ).",suitable,stable,simple,single,2,何年もの困難の後、その国の経済はついにより安定したものになった。
211,option,選択権、選択の自由、選択肢,"If you do not like this plan, you always have the (     ) to choose another one.",opinion,operation,occasion,option,4,この計画が気に入らなければ、いつでも別のものを選ぶという選択肢がある。
212,worth,価値がある,This old painting is (     ) more than a million dollars now.,precious,valuable,worth,costly,3,この古い絵画は今や100万ドル以上の価値がある。
213,fossil,化石,Scientists found a dinosaur (     ) that is millions of years old in the desert.,festival,facial,focus,fossil,4,科学者たちは砂漠で、何百万年も前の恐竜の化石を発見した。
214,council,会議,The city (     ) will meet next week to discuss the new park project.,counter,cousin,council,capital,3,市議会は来週開かれ、新しい公園の計画について話し合う予定だ。
215,obey,(命令・規則など)に従う,All drivers must (     ) the traffic rules in order to keep everyone safe.,obtain,obey,object,oppose,2,すべての運転手は、みんなの安全を守るために交通規則に従わなければならない。
216,detect,を検出する、を感知する,This special machine can (     ) even a tiny amount of smoke in the air.,detect,direct,deduct,reject,1,この特別な機械は、空気中のごくわずかな煙でさえ感知することができる。
217,flavor,味,This ice cream has a sweet strawberry (     ) that most children love.,sound,flavor,color,shape,2,このアイスクリームには、たいていの子どもが大好きな甘いイチゴの味がある。
218,inspire,を奮い立たせる,The teacher's kind words can (     ) students to study even harder.,inquire,require,inspire,admire,3,先生の優しい言葉は、生徒をさらに一生懸命勉強するよう奮い立たせることができる。
219,collapse,崩壊する,The old wooden bridge began to (     ) under the weight of the heavy truck.,complete,collect,collapse,compare,3,その古い木の橋は、重いトラックの重みで崩壊し始めた。
220,typical,よくある典型的な,Eating rice for breakfast is a (     ) custom that almost everyone in this country follows.,secret,typical,rare,foreign,2,朝食に米を食べることは、この国のほとんどの人が従う典型的な習慣だ。
221,negative,消極的な,He has a (     ) attitude and always says that he cannot do anything.,cheerful,active,positive,negative,4,彼は消極的な態度で、いつも自分には何もできないと言う。
222,superior,優れた、上位の,This new model of phone is clearly (     ) to the older one in every way.,interior,exterior,superior,ulterior,3,この新しいモデルの電話は、あらゆる点で古いものより明らかに優れている。
223,punish,を罰する,The school will (     ) any student who cheats during the final examination.,polish,punish,publish,perish,2,学校は、期末試験中に不正をする生徒を誰でも罰するだろう。
224,independent,人に頼らず自立した,"After getting a job, she lived on her own and became fully (     ).",silent,absent,independent,dependent,3,就職した後、彼女は一人で暮らし、完全に自立した。
225,attitude,態度,The teacher liked his positive (     ) toward learning new things.,weather,distance,attitude,muscle,3,先生は新しいことを学ぶ彼の前向きな態度を気に入っていた。
226,deserve,値する,"After working so hard all year, the team really (     ) to win the championship.",reserves,observes,preserves,deserves,4,一年中とても懸命に働いてきたので、そのチームは優勝するに本当に値する。
227,alter,を変える、を改める、変わる,She asked the tailor to (     ) her dress because it was a little too big.,alarm,alter,allow,alert,2,彼女は少し大きすぎたので、仕立て屋にドレスを直してくれるよう頼んだ。
228,nuclear,原子力利用の、核エネルギーの,Many countries are debating whether to build more (     ) power plants for energy.,nuclear,natural,neutral,numerous,1,多くの国が、エネルギーのためにもっと原子力発電所を建てるべきかを議論している。
229,flexible,融通の利く,"My new job has (     ) hours, so I can start working at any time.",valuable,terrible,sensible,flexible,4,私の新しい仕事は融通の利く勤務時間なので、いつでも働き始めることができる。
230,impose,(義務や税)を課す,The government decided to (     ) a new tax on imported cars next year.,improve,impose,import,inform,2,政府は来年、輸入車に新しい税を課すことを決定した。
231,diet,日常の食事,"To stay healthy, you should have a balanced (     ) and exercise every day.",appetite,recipe,diet,flavor,3,健康でいるためには、バランスの取れた食事をとり、毎日運動すべきだ。
232,burst,を破裂[爆発]させる、破裂[爆発]する,"If you put too much air inside, the balloon will suddenly (     ) with a loud sound.",bury,burst,brush,blast,2,中に空気を入れすぎると、その風船は大きな音とともに突然破裂するだろう。
233,breed,を飼育する、を栽培する、を繁殖させる,My uncle owns a farm where he likes to (     ) sheep and cows for milk.,breed,bleed,bread,brand,1,私のおじは農場を所有しており、そこで牛乳のために羊や牛を飼育するのが好きだ。
234,anniversary,結婚などの記念日,They celebrated their tenth wedding (     ) with a special dinner.,festival,anniversary,holiday,birthday,2,彼らは特別なディナーで結婚10周年の記念日を祝った。
235,entire,全体の、完全な,The young teacher spent the (     ) weekend preparing for her first class.,entry,enter,empire,entire,4,その若い先生は、最初の授業の準備のために週末全体を費やした。
236,exhibit,を展示する,The museum will (     ) many famous paintings in its main hall next week.,borrow,sell,destroy,exhibit,4,その美術館は来週、多くの有名な絵画を中央ホールに展示する予定だ。
237,stare,(を)じっと見る,It is rude to (     ) at strangers on the train for a long time.,share,stare,spare,scare,2,電車の中で見知らぬ人を長い間じっと見るのは失礼だ。
238,tribe,部族,The researchers spent a year living with a remote (     ) deep in the rainforest.,trial,tribe,trace,tribute,2,研究者たちは、熱帯雨林の奥深くで遠く離れた部族と一緒に1年間暮らした。
239,initial,最初の,"Although the (     ) cost was high, the machine saved the factory a lot of money later.",essential,official,artificial,initial,4,最初の費用は高かったが、その機械はのちに工場に多くのお金を節約させた。
240,luxury,贅沢(品),"For most families, taking an expensive overseas holiday is a real (     ).",laundry,luxury,lottery,library,2,ほとんどの家庭にとって、高価な海外旅行をすることは本当に贅沢だ。
241,origin,起源,Scientists are still studying the (     ) of life on our planet.,surface,middle,ending,origin,4,科学者たちは今なお、私たちの惑星における生命の起源を研究している。
242,fulfill,を実現する、を果たす,She worked very hard for years to finally (     ) her childhood dream of becoming a pilot.,fill,fail,fulfill,fold,3,彼女はパイロットになるという子どもの頃の夢をついに実現するために、何年も懸命に働いた。
243,overall,全般(全体)的な,"Although a few scenes were boring, my (     ) impression of the movie was quite positive.",overnight,overdue,overhead,overall,4,いくつかの場面は退屈だったが、その映画に対する私の全体的な印象はかなり良かった。
244,relevant,関連した,Please include only information that is (     ) to the topic in your report.,reluctant,relevant,resident,reverent,2,レポートには、そのテーマに関連した情報だけを含めてください。
245,encounter,に遭遇する、に直面する,Travelers may (     ) many problems if they do not plan their trip carefully.,encourage,encounter,entertain,enrich,2,旅行者は、旅行を注意深く計画しないと多くの問題に直面するかもしれない。
246,stimulate,を刺激する,Drinking a cup of coffee can (     ) your brain and help you stay awake.,simulate,strengthen,straighten,stimulate,4,コーヒーを一杯飲むと、脳を刺激して、目を覚ましておく助けになることがある。
247,guarantee,を保証する,The company will (     ) that all products are free from any defects.,graduate,guard,gather,guarantee,4,その会社は、すべての製品に欠陥がないことを保証する。
248,restore,を修復する,It took several years to fully (     ) the old castle to its original beauty.,respond,reserve,resist,restore,4,その古い城を元の美しさに完全に修復するのに数年かかった。
249,puzzle,パズル,"On rainy days, my little sister likes to solve a large jigsaw (     ).",song,puzzle,story,poem,2,雨の日には、幼い妹は大きなジグソーパズルを解くのが好きだ。
250,praise,称賛,The teacher gave the students (     ) for their excellent work.,praise,homework,blame,advice,1,先生は生徒たちのすばらしい取り組みに対して称賛を与えた。
251,specialize,専門とする,This doctor (     ) in children's illnesses.,specializes,becomes,remains,appears,1,この医者は子どもの病気を専門としている。
252,crash,衝突する,The two cars (     ) into each other at the busy intersection last night.,jumped,crashed,walked,pointed,2,昨夜、その2台の車は混雑した交差点で互いに衝突した。
253,interfere,邪魔する,Please do not (     ) with my work while I am trying to finish this report.,interfere,interview,introduce,interrupt,1,私がこの報告書を終わらせようとしている間、私の仕事を邪魔しないでください。
254,forbid,を禁止する,The school rules clearly (     ) students from using their phones during class.,forbid,forget,forgive,forecast,1,校則は、授業中に生徒が携帯電話を使うことをはっきりと禁止している。
255,convert,を変える,The company plans to (     ) the old factory into a modern shopping center.,convert,concert,connect,contact,1,その会社は古い工場を現代的なショッピングセンターに変える計画だ。
256,cough,せき,I have a bad (     ) and a sore throat because of my cold.,laugh,dream,smile,cough,4,風邪のせいで、私はひどいせきとのどの痛みがある。
257,postpone,を延期する,"Because of the heavy rain, the school had to (     ) the sports day until next week.",propose,produce,provide,postpone,4,大雨のため、学校は運動会を来週まで延期しなければならなかった。
258,vital,極めて重要な、不可欠な,Drinking enough water every day is (     ) for keeping your body healthy.,visual,virtual,vital,vivid,3,毎日十分な水を飲むことは、体を健康に保つために極めて重要だ。
259,spill,～をこぼす,Please hold the cup carefully so you don't (     ) the hot coffee.,melt,spill,break,fold,2,熱いコーヒーをこぼさないように、カップを気をつけて持ってください。
260,resemble,～に似ている,People often say that I closely (     ) my older sister.,forget,ignore,resemble,dislike,3,私は姉によく似ているとよく言われる。
261,generous,気前の良い,My uncle is very (     ) and often gives money to people in need.,gorgeous,genuine,gradual,generous,4,私のおじはとても気前が良く、困っている人々によくお金を与える。
262,commute,通勤[通学]する,Many workers (     ) to the city center by train every weekday morning.,commute,compute,compete,complete,1,多くの労働者が、平日の毎朝、電車で都心へ通勤する。
263,steady,安定した、一定した,He kept a (     ) speed on the highway so the passengers felt safe.,sturdy,sticky,stormy,steady,4,彼は乗客が安心できるように、高速道路で安定した速度を保った。
264,stir,(を)かき混ぜる,Please (     ) the soup gently with a spoon while it is cooking on the stove.,stare,stir,stick,stretch,2,コンロで料理している間、スプーンでスープを優しくかき混ぜてください。
265,candidate,候補者、志願者,The political party chose a young (     ) to run in the next election.,candle,calendar,candidate,cabinet,3,その政党は、次の選挙に出馬する若い候補者を選んだ。
266,sacrifice,を犠牲にする,Many parents (     ) their own free time to support their children's education.,sacrifice,satisfy,separate,surround,1,多くの親は、子どもの教育を支えるために自分自身の自由な時間を犠牲にする。
267,arrest,を逮捕する,The police tried to (     ) the man who had stolen money from the bank.,arrest,thank,protect,forgive,1,警察は銀行からお金を盗んだその男を逮捕しようとした。
268,disaster,災害,The earthquake was a terrible (     ) that destroyed many houses.,disaster,meeting,holiday,festival,1,その地震は多くの家を壊したひどい災害だった。
269,adequate,十分な,The hotel room was small but it had (     ) space for the two of us.,adequate,accurate,activate,educate,1,そのホテルの部屋は小さかったが、私たち二人には十分な広さがあった。
270,trace,(の跡)をたどる、をなぞる,The police used the footprints to (     ) the path the missing child had taken.,trade,trace,train,treat,2,警察は、行方不明の子どもがたどった道筋を追うために足跡を使った。
271,faith,信頼、信用,The team won the game because they had complete (     ) in their coach.,faint,fault,faith,fame,3,そのチームは、コーチを完全に信頼していたので試合に勝った。
272,resume,(中断後に)再開する、また始める,"After a short break, the workers decided to (     ) the meeting.",resume,delay,forget,cancel,1,短い休憩の後、作業員たちは会議を再開することにした。
273,awful,ひどい,The weather was so (     ) that we finally canceled the whole trip.,clear,awful,gentle,wonderful,2,天気がとてもひどかったので、私たちはついに旅行全体を中止した。
274,rumor,うわさ,I heard a (     ) that our school will close early tomorrow.,record,sound,rumor,rule,3,明日、私たちの学校が早く閉まるといううわさを聞いた。
275,honor,光栄,It is a great (     ) for me to receive this special award today.,honor,worry,danger,mistake,1,本日この特別な賞をいただけることは、私にとって大変光栄です。
276,aisle,通路,Please put your bag under the seat and keep the (     ) clear for other passengers.,menu,aisle,price,noise,2,かばんは座席の下に置いて、他の乗客のために通路を空けておいてください。
277,laundry,洗濯物,She hung the wet (     ) outside to dry in the sun.,message,furniture,homework,laundry,4,彼女は太陽の下で乾かすために、ぬれた洗濯物を外に干した。
278,delicate,壊れやすい、繊細な,Be careful with this (     ) glass cup because it breaks very easily.,delicate,hard,heavy,strong,1,このガラスのコップはとても壊れやすいので気をつけて。
279,altitude,高度、海抜,"As the plane gained (     ), the houses below looked smaller and smaller.",attitude,altitude,gratitude,aptitude,2,飛行機が高度を上げるにつれて、下の家々はますます小さく見えた。
280,inherit,を継ぐ、を相続する,"When his grandfather died, he was able to (     ) the old family house in the countryside.",inform,inherit,insist,invent,2,祖父が亡くなったとき、彼は田舎にある古い実家を継ぐことができた。
281,manual,マニュアル,Read the (     ) carefully before you use the new machine.,manual,menu,receipt,ticket,1,新しい機械を使う前に、マニュアルを注意深く読みなさい。
282,dizzy,めまいがする,"After spinning around so many times, the little boy felt (     ) and sat down.",busy,lazy,noisy,dizzy,4,何度もぐるぐる回った後、その小さな男の子はめまいがして座り込んだ。
283,tremble,震える,Her hands began to (     ) with fear when she heard the strange noise.,tremble,trouble,stumble,grumble,1,奇妙な物音を聞いたとき、彼女の手は恐怖で震え始めた。
284,confess,告白する、を告白する,The boy finally decided to (     ) that he had broken the window with his ball.,confuse,confirm,confess,conform,3,その少年はついに、ボールで窓を割ってしまったことを告白する決心をした。
285,subject,話題,The weather is a common (     ) when people don't know each other well.,product,object,subject,project,3,天気は、人々がお互いをよく知らないときの一般的な話題だ。
286,provide,を提供[供給]する,The hotel (     ) free breakfast and Wi-Fi for all of its guests.,damages,provides,wastes,reduces,2,そのホテルは、すべての宿泊客に無料の朝食とWi-Fiを提供している。
287,focus,焦点,The main (     ) of the meeting was the new safety rules.,focus,forecast,format,fortune,1,その会議の主な焦点は、新しい安全規則だった。
288,share,～を共有する,"We only have one umbrella, so we have to (     ) it in the rain.",share,lose,sell,close,1,傘が一本しかないので、雨の中でそれを共有しなければならない。
289,prepare,（の）準備をする,The students need to (     ) well for the difficult examination next week.,protect,present,prefer,prepare,4,生徒たちは来週の難しい試験のためにしっかり準備をする必要がある。
290,claim,～を主張する、言い張る,"The man (     ) that he was innocent, but the police did not believe his story.",wondered,replied,claimed,whispered,3,その男は自分が無実だと主張したが、警察は彼の話を信じなかった。
291,repair,を修理する、直す,My father knows how to (     ) a broken bicycle all by himself.,ride,break,repair,wash,3,父は壊れた自転車を自分だけで修理する方法を知っている。
292,realize,を実現する,"After years of hard work, she was finally able to (     ) her dream of becoming a doctor.",realize,lose,forget,imagine,1,何年もの努力の末、彼女はついに医者になるという夢を実現することができた。
293,economy,経済,The country's (     ) has improved over the past few years.,energy,enemy,economy,agency,3,その国の経済は、ここ数年で改善した。
294,recommend,～を推薦する、勧める,Can you (     ) a good English dictionary for a beginner like me?,teach,recommend,speak,spell,2,私のような初心者に良い英語の辞書を勧めてもらえますか。
295,prefer,の方を好む,I (     ) tea to coffee in the morning.,present,prevent,prefer,prepare,3,私は朝、コーヒーより紅茶の方が好きだ。
296,benefit,利益,One (     ) of living in the city is that there are many job opportunities.,result,reason,benefit,problem,3,都市に住むことの利点の1つは、多くの仕事の機会があることだ。
297,cause,を引き起こす,Driving too fast can (     ) serious accidents on the highway.,arrive,become,cause,happen,3,スピードを出しすぎると高速道路で重大な事故を引き起こすことがある。
298,evidence,証拠,The police found strong (     ) that he was at the scene.,existence,excellence,evidence,experience,3,警察は、彼が現場にいたという強い証拠を見つけた。
299,regard,ある見方で人や物をとらえる、みなす,Many critics (     ) her latest novel as the finest work of her whole career.,destroy,ignore,regard,reject,3,多くの批評家は、彼女の最新の小説を彼女のこれまでの経歴で最高の作品とみなしている。
300,agree,賛成する,I completely (     ) with your plan because it will save a lot of money.,answer,forget,refuse,agree,4,たくさんのお金を節約できるので、私は君の計画に完全に賛成する。
